id,nombre,email,telefono
1,Anna Morell Torrent,guiomarsanchez@example.com,+34924 00 92 31
2,Eric Saavedra Casares,omonreal@example.net,(473)502-9885x55920
3,Daniel Reid,aimee53@example.net,868.592.2450x41024
4,Erin Hall,caguilo@example.net,+34878 160 250
5,Emily Garcia,alejandracastilla@example.org,(817)741-1211x7910
6,Ligia Ibáñez Castilla,eutimio98@example.net,001-929-622-3804
7,Rebecca Reed,davidallen@example.com,001-495-986-3787x69550
8,Steven Frye MD,remedios12@example.com,001-494-303-3175x265
9,Susan Herrera,victorpont@example.com,(886)717-2572x309
10,Michael Anderson,jessica28@example.com,+34932 534 452
